{
    "NAME" : "ReactPoll",
    "AUTHOR" : "FlapJack",
    "SHORT" : "Create polls using reactions as the responses",
    "DESCRIPTION" : "Create polls using reactions as the responses. Even works for mobile users because you do not need to add reactions to participate. Supports polls with up to 9 answers. Poll duration can also be customized.\n\nDependencies: None",
    "INSTALL_MSG" : "Thanks for installing ReactPoll. Please make sure your bot has the 'Manage Messages' permission so it can manage emoji reactions on messages.",
    "REQUIREMENTS" : [],
    "TAGS" : ["poll", "reaction", "emoji", "react"],
    "DISABLED" : false
}
