{
    "Servers" : {
        "310810409106145280" : {
            "Config" : {
                "Cookie CD" : 5,
                "Steal CD" : 5
            },
            "Players" : {
                "247697091953033217" : {
                    "Cookie CD" : 93803,
                    "Cookies" : 1,
                    "Steal CD" : 0
                },
                "300202403238772736" : {
                    "Cookie CD" : 94739,
                    "Cookies" : 3,
                    "Steal CD" : 0
                }
            }
        }
    }
}