{
    "AUTHOR" : "Will/tekulvw",
    "DESCRIPTION" : "Read RSS Feeds",
    "DISABLED" : false,
    "SHORT" : "Read RSS Feeds",
    "NAME" : "RSS",
    "REQUIREMENTS" : ["feedparser"],
    "INSTALL_MSG" : "\nMessage from Squid:\n\nHi there. I see you've loaded one of my cogs. Congratulations! I'm glad you've made it this far. If, throughout your journey, you happen to find any problems with any Squid cogs, please feel free to jump in my support server (link below). Also, if you really like my cogs and would like to contribute to further development, please consider becoming a patron for my owner (link also below). Thanks and have fun!\n\nSupport: <https://discord.gg/R24zY4G>\nPatron: <https://www.patreon.com/tekulvw>"
}
