{
    "26-Cogs" : {
        "cleverbot" : {
            "INSTALLED" : false,
            "file" : "data\\downloader\\26-Cogs\\cleverbot\\cleverbot.py",
            "folder" : "data\\downloader\\26-Cogs\\cleverbot"
        },
        "insult" : {
            "INSTALLED" : false,
            "file" : "data\\downloader\\26-Cogs\\insult\\insult.py",
            "folder" : "data\\downloader\\26-Cogs\\insult"
        },
        "nomassmentions" : {
            "INSTALLED" : false,
            "file" : "data\\downloader\\26-Cogs\\nomassmentions\\nomassmentions.py",
            "folder" : "data\\downloader\\26-Cogs\\nomassmentions"
        },
        "penis" : {
            "INSTALLED" : true,
            "file" : "data\\downloader\\26-Cogs\\penis\\penis.py",
            "folder" : "data\\downloader\\26-Cogs\\penis"
        },
        "remindme" : {
            "INSTALLED" : false,
            "file" : "data\\downloader\\26-Cogs\\remindme\\remindme.py",
            "folder" : "data\\downloader\\26-Cogs\\remindme"
        },
        "rift" : {
            "INSTALLED" : false,
            "file" : "data\\downloader\\26-Cogs\\rift\\rift.py",
            "folder" : "data\\downloader\\26-Cogs\\rift"
        },
        "rndstatus" : {
            "INSTALLED" : false,
            "file" : "data\\downloader\\26-Cogs\\rndstatus\\rndstatus.py",
            "folder" : "data\\downloader\\26-Cogs\\rndstatus"
        },
        "stickyroles" : {
            "INSTALLED" : false,
            "file" : "data\\downloader\\26-Cogs\\stickyroles\\stickyroles.py",
            "folder" : "data\\downloader\\26-Cogs\\stickyroles"
        },
        "trigger" : {
            "INSTALLED" : false,
            "file" : "data\\downloader\\26-Cogs\\trigger\\trigger.py",
            "folder" : "data\\downloader\\26-Cogs\\trigger"
        },
        "url" : "https://github.com/Twentysix26/26-Cogs"
    },
    "flapjack-cogs" : {
        "bigmoji" : {
            "INSTALLED" : false,
            "file" : "data\\downloader\\flapjack-cogs\\bigmoji\\bigmoji.py",
            "folder" : "data\\downloader\\flapjack-cogs\\bigmoji"
        },
        "blizzard" : {
            "INSTALLED" : false,
            "file" : "data\\downloader\\flapjack-cogs\\blizzard\\blizzard.py",
            "folder" : "data\\downloader\\flapjack-cogs\\blizzard"
        },
        "colorme" : {
            "INSTALLED" : false,
            "file" : "data\\downloader\\flapjack-cogs\\colorme\\colorme.py",
            "folder" : "data\\downloader\\flapjack-cogs\\colorme"
        },
        "comics" : {
            "INSTALLED" : false,
            "file" : "data\\downloader\\flapjack-cogs\\comics\\comics.py",
            "folder" : "data\\downloader\\flapjack-cogs\\comics"
        },
        "cryptoprice" : {
            "INSTALLED" : true,
            "file" : "data\\downloader\\flapjack-cogs\\cryptoprice\\cryptoprice.py",
            "folder" : "data\\downloader\\flapjack-cogs\\cryptoprice"
        },
        "defcon" : {
            "INSTALLED" : false,
            "file" : "data\\downloader\\flapjack-cogs\\defcon\\defcon.py",
            "folder" : "data\\downloader\\flapjack-cogs\\defcon"
        },
        "dongers" : {
            "INSTALLED" : false,
            "file" : "data\\downloader\\flapjack-cogs\\dongers\\dongers.py",
            "folder" : "data\\downloader\\flapjack-cogs\\dongers"
        },
        "msgvote" : {
            "INSTALLED" : false,
            "file" : "data\\downloader\\flapjack-cogs\\msgvote\\msgvote.py",
            "folder" : "data\\downloader\\flapjack-cogs\\msgvote"
        },
        "reactpoll" : {
            "INSTALLED" : false,
            "file" : "data\\downloader\\flapjack-cogs\\reactpoll\\reactpoll.py",
            "folder" : "data\\downloader\\flapjack-cogs\\reactpoll"
        },
        "sfx" : {
            "INSTALLED" : true,
            "file" : "data\\downloader\\flapjack-cogs\\sfx\\sfx.py",
            "folder" : "data\\downloader\\flapjack-cogs\\sfx"
        },
        "smartreact" : {
            "INSTALLED" : false,
            "file" : "data\\downloader\\flapjack-cogs\\smartreact\\smartreact.py",
            "folder" : "data\\downloader\\flapjack-cogs\\smartreact"
        },
        "smite" : {
            "INSTALLED" : false,
            "file" : "data\\downloader\\flapjack-cogs\\smite\\smite.py",
            "folder" : "data\\downloader\\flapjack-cogs\\smite"
        },
        "spoiler" : {
            "INSTALLED" : false,
            "file" : "data\\downloader\\flapjack-cogs\\spoiler\\spoiler.py",
            "folder" : "data\\downloader\\flapjack-cogs\\spoiler"
        },
        "url" : "https://github.com/flapjax/FlapJack-Cogs",
        "wat" : {
            "INSTALLED" : false,
            "file" : "data\\downloader\\flapjack-cogs\\wat\\wat.py",
            "folder" : "data\\downloader\\flapjack-cogs\\wat"
        },
        "wordcloud" : {
            "INSTALLED" : false,
            "file" : "data\\downloader\\flapjack-cogs\\wordcloud\\wordcloud.py",
            "folder" : "data\\downloader\\flapjack-cogs\\wordcloud"
        }
    },
    "jumper-cogs" : {
        "animelist" : {
            "INSTALLED" : false,
            "file" : "data\\downloader\\jumper-cogs\\animelist\\animelist.py",
            "folder" : "data\\downloader\\jumper-cogs\\animelist"
        },
        "casino" : {
            "INSTALLED" : true,
            "file" : "data\\downloader\\jumper-cogs\\casino\\casino.py",
            "folder" : "data\\downloader\\jumper-cogs\\casino"
        },
        "cookie" : {
            "INSTALLED" : true,
            "file" : "data\\downloader\\jumper-cogs\\cookie\\cookie.py",
            "folder" : "data\\downloader\\jumper-cogs\\cookie"
        },
        "coupon" : {
            "INSTALLED" : false,
            "file" : "data\\downloader\\jumper-cogs\\coupon\\coupon.py",
            "folder" : "data\\downloader\\jumper-cogs\\coupon"
        },
        "dicetable" : {
            "INSTALLED" : false,
            "file" : "data\\downloader\\jumper-cogs\\dicetable\\dicetable.py",
            "folder" : "data\\downloader\\jumper-cogs\\dicetable"
        },
        "fortune" : {
            "INSTALLED" : false,
            "file" : "data\\downloader\\jumper-cogs\\fortune\\fortune.py",
            "folder" : "data\\downloader\\jumper-cogs\\fortune"
        },
        "heist" : {
            "INSTALLED" : true,
            "file" : "data\\downloader\\jumper-cogs\\heist\\heist.py",
            "folder" : "data\\downloader\\jumper-cogs\\heist"
        },
        "language" : {
            "INSTALLED" : false,
            "file" : "data\\downloader\\jumper-cogs\\language\\language.py",
            "folder" : "data\\downloader\\jumper-cogs\\language"
        },
        "lottery" : {
            "INSTALLED" : true,
            "file" : "data\\downloader\\jumper-cogs\\lottery\\lottery.py",
            "folder" : "data\\downloader\\jumper-cogs\\lottery"
        },
        "pokedex" : {
            "INSTALLED" : false,
            "file" : "data\\downloader\\jumper-cogs\\pokedex\\pokedex.py",
            "folder" : "data\\downloader\\jumper-cogs\\pokedex"
        },
        "race" : {
            "INSTALLED" : false,
            "file" : "data\\downloader\\jumper-cogs\\race\\race.py",
            "folder" : "data\\downloader\\jumper-cogs\\race"
        },
        "raffle" : {
            "INSTALLED" : false,
            "file" : "data\\downloader\\jumper-cogs\\raffle\\raffle.py",
            "folder" : "data\\downloader\\jumper-cogs\\raffle"
        },
        "russianroulette" : {
            "INSTALLED" : true,
            "file" : "data\\downloader\\jumper-cogs\\russianroulette\\russianroulette.py",
            "folder" : "data\\downloader\\jumper-cogs\\russianroulette"
        },
        "shop" : {
            "INSTALLED" : false,
            "file" : "data\\downloader\\jumper-cogs\\shop\\shop.py",
            "folder" : "data\\downloader\\jumper-cogs\\shop"
        },
        "tibia" : {
            "INSTALLED" : false,
            "file" : "data\\downloader\\jumper-cogs\\tibia\\tibia.py",
            "folder" : "data\\downloader\\jumper-cogs\\tibia"
        },
        "url" : "https://github.com/Redjumpman/Jumper-Cogs"
    },
    "squid-plugins" : {
        "admin" : {
            "INSTALLED" : false,
            "file" : "data\\downloader\\squid-plugins\\admin\\admin.py",
            "folder" : "data\\downloader\\squid-plugins\\admin"
        },
        "ascii" : {
            "INSTALLED" : false,
            "file" : "data\\downloader\\squid-plugins\\ascii\\ascii.py",
            "folder" : "data\\downloader\\squid-plugins\\ascii"
        },
        "autoapprove" : {
            "INSTALLED" : false,
            "file" : "data\\downloader\\squid-plugins\\autoapprove\\autoapprove.py",
            "folder" : "data\\downloader\\squid-plugins\\autoapprove"
        },
        "botinfo" : {
            "INSTALLED" : false,
            "file" : "data\\downloader\\squid-plugins\\botinfo\\botinfo.py",
            "folder" : "data\\downloader\\squid-plugins\\botinfo"
        },
        "channellogger" : {
            "INSTALLED" : true,
            "file" : "data\\downloader\\squid-plugins\\channellogger\\channellogger.py",
            "folder" : "data\\downloader\\squid-plugins\\channellogger"
        },
        "emotes" : {
            "INSTALLED" : false,
            "file" : "data\\downloader\\squid-plugins\\emotes\\emotes.py",
            "folder" : "data\\downloader\\squid-plugins\\emotes"
        },
        "encoder" : {
            "INSTALLED" : false,
            "file" : "data\\downloader\\squid-plugins\\encoder\\encoder.py",
            "folder" : "data\\downloader\\squid-plugins\\encoder"
        },
        "example518" : {
            "INSTALLED" : false,
            "file" : "data\\downloader\\squid-plugins\\example518\\example518.py",
            "folder" : "data\\downloader\\squid-plugins\\example518"
        },
        "hublinker" : {
            "INSTALLED" : false,
            "file" : "data\\downloader\\squid-plugins\\hublinker\\hublinker.py",
            "folder" : "data\\downloader\\squid-plugins\\hublinker"
        },
        "karma" : {
            "INSTALLED" : false,
            "file" : "data\\downloader\\squid-plugins\\karma\\karma.py",
            "folder" : "data\\downloader\\squid-plugins\\karma"
        },
        "lastfm" : {
            "INSTALLED" : false,
            "file" : "data\\downloader\\squid-plugins\\lastfm\\lastfm.py",
            "folder" : "data\\downloader\\squid-plugins\\lastfm"
        },
        "logger" : {
            "INSTALLED" : false,
            "file" : "data\\downloader\\squid-plugins\\logger\\logger.py",
            "folder" : "data\\downloader\\squid-plugins\\logger"
        },
        "mentiontracker" : {
            "INSTALLED" : false,
            "file" : "data\\downloader\\squid-plugins\\mentiontracker\\mentiontracker.py",
            "folder" : "data\\downloader\\squid-plugins\\mentiontracker"
        },
        "nickometer" : {
            "INSTALLED" : false,
            "file" : "data\\downloader\\squid-plugins\\nickometer\\nickometer.py",
            "folder" : "data\\downloader\\squid-plugins\\nickometer"
        },
        "permissions" : {
            "INSTALLED" : false,
            "file" : "data\\downloader\\squid-plugins\\permissions\\permissions.py",
            "folder" : "data\\downloader\\squid-plugins\\permissions"
        },
        "quotes" : {
            "INSTALLED" : false,
            "file" : "data\\downloader\\squid-plugins\\quotes\\quotes.py",
            "folder" : "data\\downloader\\squid-plugins\\quotes"
        },
        "rss" : {
            "INSTALLED" : true,
            "file" : "data\\downloader\\squid-plugins\\rss\\rss.py",
            "folder" : "data\\downloader\\squid-plugins\\rss"
        },
        "rules" : {
            "INSTALLED" : true,
            "file" : "data\\downloader\\squid-plugins\\rules\\rules.py",
            "folder" : "data\\downloader\\squid-plugins\\rules"
        },
        "runescape" : {
            "INSTALLED" : false,
            "file" : "data\\downloader\\squid-plugins\\runescape\\runescape.py",
            "folder" : "data\\downloader\\squid-plugins\\runescape"
        },
        "scheduler" : {
            "INSTALLED" : false,
            "file" : "data\\downloader\\squid-plugins\\scheduler\\scheduler.py",
            "folder" : "data\\downloader\\squid-plugins\\scheduler"
        },
        "selfbotstatus" : {
            "INSTALLED" : false,
            "file" : "data\\downloader\\squid-plugins\\selfbotstatus\\selfbotstatus.py",
            "folder" : "data\\downloader\\squid-plugins\\selfbotstatus"
        },
        "sentryio" : {
            "INSTALLED" : false,
            "file" : "data\\downloader\\squid-plugins\\sentryio\\sentryio.py",
            "folder" : "data\\downloader\\squid-plugins\\sentryio"
        },
        "tickets" : {
            "INSTALLED" : false,
            "file" : "data\\downloader\\squid-plugins\\tickets\\tickets.py",
            "folder" : "data\\downloader\\squid-plugins\\tickets"
        },
        "url" : "https://github.com/tekulvw/Squid-Plugins",
        "wikia" : {
            "INSTALLED" : false,
            "file" : "data\\downloader\\squid-plugins\\wikia\\wikia.py",
            "folder" : "data\\downloader\\squid-plugins\\wikia"
        }
    }
}