{
    "Servers" : {
        "310810409106145280" : {
            "Config" : {
                "Alert Time" : 93823,
                "Bail Base" : 500,
                "Crew Output" : "None",
                "Death Timer" : 86400,
                "Hardcore" : false,
                "Heist Cost" : 100,
                "Heist Planned" : false,
                "Heist Start" : false,
                "Police Alert" : 60,
                "Sentence Base" : 600,
                "Theme" : "Pirate",
                "Version" : 2.41,
                "Wait Time" : 20
            },
            "Crew" : {},
            "Players" : {
                "247697091953033217" : {
                    "Bail Cost" : 500,
                    "Criminal Level" : 1,
                    "Death Timer" : 0,
                    "Deaths" : 0,
                    "Jail Counter" : 1,
                    "Name" : "KewMii",
                    "OOB" : true,
                    "Sentence" : 600,
                    "Spree" : 2,
                    "Status" : "Free",
                    "Time Served" : 93353,
                    "Total Jail" : 1
                },
                "248414193584177154" : {
                    "Bail Cost" : 0,
                    "Criminal Level" : 0,
                    "Death Timer" : 0,
                    "Deaths" : 0,
                    "Jail Counter" : 0,
                    "Name" : "memestar",
                    "OOB" : false,
                    "Sentence" : 0,
                    "Spree" : 1,
                    "Status" : "Free",
                    "Time Served" : 0,
                    "Total Jail" : 0
                },
                "300202403238772736" : {
                    "Bail Cost" : 0,
                    "Criminal Level" : 0,
                    "Death Timer" : 0,
                    "Deaths" : 0,
                    "Jail Counter" : 0,
                    "Name" : "TheCrazyBob",
                    "OOB" : false,
                    "Sentence" : 0,
                    "Spree" : 3,
                    "Status" : "Free",
                    "Time Served" : 0,
                    "Total Jail" : 0
                }
            },
            "Targets" : {
                "Gayben" : {
                    "Crew" : 5,
                    "Success" : 88,
                    "Vault" : 500000,
                    "Vault Max" : 500000
                },
                "Landkabaalheist" : {
                    "Crew" : 6,
                    "Success" : 70,
                    "Vault" : 10000000,
                    "Vault Max" : 10000000
                },
                "Valve" : {
                    "Crew" : 10,
                    "Success" : 69,
                    "Vault" : 500000,
                    "Vault Max" : 500000
                }
            },
            "Theme" : {
                "Bail" : "bribe",
                "Crew" : "crew",
                "Heist" : "raid",
                "Jail" : "brig",
                "OOB" : "good will",
                "Police" : "Royal Navy",
                "Sentence" : "punishment",
                "Vault" : "treasure"
            }
        }
    }
}