{
    "310810409106145280" : {
        "247697091953033217" : {
            "balance" : 0,
            "created_at" : "2017-12-20 09:47:28",
            "name" : "KewMii"
        },
        "248414193584177154" : {
            "balance" : 5550,
            "created_at" : "2017-12-21 11:47:33",
            "name" : "memestar"
        },
        "250275278759264267" : {
            "balance" : 620,
            "created_at" : "2017-12-21 01:35:47",
            "name" : "M1-n00B"
        },
        "300202403238772736" : {
            "balance" : 1599366,
            "created_at" : "2017-12-20 08:59:50",
            "name" : "TheCrazyBob"
        }
    }
}