{
    "NAME" : "WordCloud",
    "AUTHOR" : "FlapJack and aikaterna",
    "SHORT" : "Create word clouds from text channel content.",
    "DESCRIPTION" : "Create word clouds from text channel content.\n\nDependencies: WordCloud :: https://github.com/amueller/word_cloud \n\nWindows users may need to install Visual C++ Build Tools. (http://landinghub.visualstudio.com/visual-cpp-build-tools)",
    "INSTALL_MSG" : "Thanks for installing WordCloud",
    "REQUIREMENTS" : ["wordcloud"],
    "TAGS" : ["word", "cloud", "wordcloud"],
    "DISABLED" : false
}
