{
    "cogs.alias" : true,
    "cogs.audio" : false,
    "cogs.casino" : true,
    "cogs.channellogger" : true,
    "cogs.cookie" : true,
    "cogs.cryptoprice" : true,
    "cogs.customcom" : true,
    "cogs.downloader" : true,
    "cogs.economy" : true,
    "cogs.general" : true,
    "cogs.heist" : true,
    "cogs.image" : false,
    "cogs.lottery" : true,
    "cogs.mod" : true,
    "cogs.penis" : true,
    "cogs.rss" : true,
    "cogs.rules" : true,
    "cogs.russianroulette" : true,
    "cogs.sfx" : true,
    "cogs.streams" : false,
    "cogs.trivia" : false
}