{
    "NAME" : "Blizzard",
    "AUTHOR" : "FlapJack",
    "SHORT" : "Utilities for Blizzard games",
    "DESCRIPTION" : "Player information and latest Blizzard game patch notes in chat. Now with cool paginated patch notes you can navigate with reactions! And, Pandoc is no longer required!\n\nGames supported:\nOverwatch - Stats, patch notes\nDiablo3 - Stats, patch notes\nHearthstone - patch notes\nHeroes of the Storm - patch notes\nStarcraft2 - patch notes\nWorld of Warcraft - patch notes, token prices\n\nDependencies:\nBeautifulSoup4 :: https://www.crummy.com/software/BeautifulSoup/bs4/doc/\nBleach :: https://pypi.python.org/pypi/bleach",
    "INSTALL_MSG" : "Thanks for installing FlapJack's Blizzard utilities cog. Diablo3 stats require a battle.net API key. Get one at https://dev.battle.net/.",
    "REQUIREMENTS" : ["beautifulsoup4", "bleach"],
    "TAGS" : ["blizzard", "patch", "notes", "games", "overwatch", "starcraft", "diablo", "warcraft", "hearthstone"],
    "DISABLED" : false
}
