{
    "AUTHOR" : "Redjumpman",
    "SHORT" : "Creates coupons redeemable for credits",
    "DESCRIPTION" : "Admins can generate a unique coupon id, that can be redeemed for a set number of points only once. PM the code to the user of your choice.",
    "DISABLED" : false,
    "NAME" : "Coupon",
    "TAGS" : ["coupon", "economy"],
    "INSTALL_MSG" : "Thank you for installing Coupon from Jumper Cogs.\nIf you like my cog please star my repo or post any issues on my github here:\nhttps://github.com/Redjumpman/Jumper-Cogs"
}
