{
    "AUTHOR" : "Redjumpman",
    "SHORT" : "Steal and collect cookies. Who has the most cookies?",
    "DESCRIPTION" : "Cookie is a commissioned cog designed by discord user Yukirin. You can have Neko-chan steal cookies from players on your server, and blessed with cookies from the Nyaaan Gods!",
    "DISABLED" : false,
    "NAME" : "Cookie",
    "TAGS" : ["cookie", "games", "casual"],
    "INSTALL_MSG" : "Thank you for installing Cookie from Jumper Cogs.\nIf you like my cog please star my repo or post any issues on my github here:\nhttps://github.com/Redjumpman/Jumper-Cogs"
}
