{
    "AUTHOR": "Redjumpman",
    "SHORT": "Race turtles to the finish line!",
    "DESCRIPTION" : "Starts a turtle race against the bot and other players can join. Also includes a random credit prize.",
    "DISABLED": false,
    "NAME": "Race",
    "TAGS": ["games", "economy", "racing", "mini game"],
    "INSTALL_MSG": "Thank you for installing Race from Jumper Cogs.\nIf you like my cog please star my repo or post any issues on my github here:\nhttps://github.com/Redjumpman/Jumper-Cogs"
}
